,daily_return
2015-02-01,0.0
2015-02-02,0.0341717172665519
2015-02-03,0.0241065560429003
2015-02-04,0.0011910302535382
2015-02-05,0.0050482078839272
2015-02-06,-0.0209009450044619
2015-02-07,0.0
2015-02-08,0.0
2015-02-09,0.0097501625034822
2015-02-10,-0.0057917492894392
2015-02-11,0.0027802647664986
2015-02-12,0.0480962688408257
2015-02-13,0.0042878263041978
2015-02-14,0.0
2015-02-15,0.0
2015-02-16,0.0
2015-02-17,-0.0065629559203441
2015-02-18,0.0014203359945143
2015-02-19,0.0327316829268293
2015-02-20,0.0300313848577373
2015-02-21,0.0
2015-02-22,0.0
2015-02-23,-0.0385792682926829
2015-02-24,-0.0153408509817164
2015-02-25,-0.0057577829061624
2015-02-26,0.0156372797950314
2015-02-27,-0.0172064278103811
2015-02-28,0.0
2015-03-01,0.0
2015-03-02,-0.0264923772448845
2015-03-03,0.0139728418271429
2015-03-04,0.0160100635387736
2015-03-05,-0.0109440719743652
2015-03-06,-0.0267556354288347
2015-03-07,0.0
2015-03-08,0.0
2015-03-09,-0.0180564595944472
2015-03-10,0.0098694149986891
2015-03-11,0.0135495945592468
2015-03-12,-0.0138322322580644
2015-03-13,-0.0014289758817418
2015-03-14,0.0
2015-03-15,0.0
2015-03-16,0.0192707542046482
2015-03-17,-0.0035818452535906
2015-03-18,0.0294931516851366
2015-03-19,-0.0314356667606105
2015-03-20,0.0031906557006505
2015-03-21,0.0
2015-03-22,0.0
2015-03-23,0.0056926446928804
2015-03-24,0.0006945133101244
2015-03-25,-0.0200231507546061
2015-03-26,-0.0181002217409241
2015-03-27,-0.0215263929107313
2015-03-28,0.0
2015-03-29,0.0
2015-03-30,0.0253968267633482
2015-03-31,-0.0245956434507403
2015-04-01,-0.0058823526294459
2015-04-02,0.0040477315868231
2015-04-03,0.0
2015-04-04,0.0
2015-04-05,0.0
2015-04-06,0.02575760231099
2015-04-07,0.0036542146969092
2015-04-08,-0.0025456052484536
2015-04-09,0.0079643283604969
2015-04-10,0.0050035500356551
2015-04-11,0.0
2015-04-12,0.0
2015-04-13,-0.0031362858026922
2015-04-14,-0.0053219541323787
2015-04-15,0.0017835003908342
2015-04-16,-0.0048146604522227
2015-04-17,0.0087809403195047
2015-04-18,0.0
2015-04-19,0.0
2015-04-20,-0.0073023988611663
2015-04-21,0.0175413022351798
2015-04-22,0.0326588235294117
2015-04-23,0.0015119347943358
2015-04-24,-0.0093876875005754
2015-04-25,0.0
2015-04-26,0.0
2015-04-27,0.0403936008179008
2015-04-28,-0.018189562977858
2015-04-29,0.0104326020618386
2015-04-30,-0.0188376235695476
2015-05-01,-0.0170043928199616
2015-05-02,0.0
2015-05-03,0.0
2015-05-04,0.0102112143828901
2015-05-05,-0.0202304433138644
2015-05-06,-0.0156770824434002
2015-05-07,0.0714932110521897
2015-05-08,0.0026271662940307
2015-05-09,0.0
2015-05-10,0.0
2015-05-11,0.0135426808909112
2015-05-12,0.019282891576421
2015-05-13,-0.0178909781085372
2015-05-14,-0.0029409565611274
2015-05-15,0.0201287873596686
2015-05-16,0.0
2015-05-17,0.0
2015-05-18,0.0070849794702437
2015-05-19,-0.0051926094837053
2015-05-20,-0.0112491403562727
2015-05-21,0.01065716188654
2015-05-22,0.0095770030157306
2015-05-23,0.0
2015-05-24,0.0
2015-05-25,0.0
2015-05-26,-0.0008882025373101
2015-05-27,-0.0043459015733773
2015-05-28,0.0178926251019157
2015-05-29,-0.0007968326534496
2015-05-30,0.0
2015-05-31,0.0
2015-06-01,-0.0077960700092265
2015-06-02,-0.0022899325084364
2015-06-03,0.0031829372115821
2015-06-04,-0.0063838787878787
2015-06-05,0.0127641867324351
2015-06-06,0.0
2015-06-07,0.0
2015-06-08,0.0216862874899855
2015-06-09,0.0023492363997949
2015-06-10,-0.0047638347605431
2015-06-11,-0.0073047263681592
2015-06-12,0.0019183885536148
2015-06-13,0.0
2015-06-14,0.0
2015-06-15,0.0027232880000658
2015-06-16,0.0119537837933517
2015-06-17,0.0326764298955636
2015-06-18,-0.0004199236480945
2015-06-19,0.0004191882621951
2015-06-20,0.0
2015-06-21,0.0
2015-06-22,-0.0090024794964715
2015-06-23,0.0282345003886466
2015-06-24,-0.0067795340474942
2015-06-25,0.0087820977897899
2015-06-26,-0.0066942058090668
2015-06-27,0.0
2015-06-28,0.0
2015-06-29,0.0002672265750567
2015-06-30,0.0130664843856964
2015-07-01,-0.0072295009405776
2015-07-02,-0.000642380431078
2015-07-03,0.0
2015-07-04,0.0
2015-07-05,0.0
2015-07-06,0.0030120302099105
2015-07-07,-0.025890909090909
2015-07-08,-0.0168131465684539
2015-07-09,-0.0044774199290789
2015-07-10,-0.0117076882007475
2015-07-11,0.0
2015-07-12,0.0
2015-07-13,-0.0003432221097574
2015-07-14,0.013544506430542
2015-07-15,-0.0134963260103471
2015-07-16,0.0093103660089937
2015-07-17,0.0079265871559632
2015-07-18,0.0
2015-07-19,0.0
2015-07-20,0.0263999999999999
2015-07-21,-0.0121458623271936
2015-07-22,0.0252612039169746
2015-07-23,-0.0090858705729649
2015-07-24,-0.0073678095830724
2015-07-25,0.0
2015-07-26,0.0
2015-07-27,-0.0358952673093776
2015-07-28,0.0354642996885904
2015-07-29,-0.001702803950505
2015-07-30,0.0156078273100546
2015-07-31,-0.0054185351270554
2015-08-01,0.0
2015-08-02,0.0
2015-08-03,-0.0236583804059179
2015-08-04,0.0241144960600456
2015-08-05,0.0248501593444115
2015-08-06,-0.0136651235540369
2015-08-07,-0.0043928278183759
2015-08-08,0.0
2015-08-09,0.0
2015-08-10,0.0125551120605686
2015-08-11,0.0009276618174151
2015-08-12,0.0134893404255319
2015-08-13,0.0110480905528224
2015-08-14,-0.0165426501964629
2015-08-15,0.0
2015-08-16,0.0
2015-08-17,-0.002230376428236
2015-08-18,0.0209100360247474
2015-08-19,-0.0195137510270137
2015-08-20,-0.0391969776877922
2015-08-21,-0.0221610588525199
2015-08-22,0.0
2015-08-23,0.0
2015-08-24,0.0792938280806209
2015-08-25,-0.0455057912545549
2015-08-26,-0.0135567940498573
2015-08-27,0.051904739136261
2015-08-28,0.0273711433320456
2015-08-29,0.0
2015-08-30,0.0
2015-08-31,0.0140053535134485
2015-09-01,-0.0071148995773716
2015-09-02,0.0097431102783712
2015-09-03,-0.0257478581636883
2015-09-04,0.0043173439263284
2015-09-05,0.0
2015-09-06,0.0
2015-09-07,0.0
2015-09-08,0.0127321164142875
2015-09-09,-0.0124578258282086
2015-09-10,0.0050560208117142
2015-09-11,0.0104991116136327
2015-09-12,0.0
2015-09-13,0.0
2015-09-14,0.0083233570624579
2015-09-15,0.0032443521907884
2015-09-16,0.0363973863263758
2015-09-17,-0.0071601568419457
2015-09-18,0.0103117151944432
2015-09-19,0.0
2015-09-20,0.0
2015-09-21,0.0008333775128159
2015-09-22,0.0073736632822453
2015-09-23,-0.0033975377628849
2015-09-24,0.0138327558984609
2015-09-25,-0.0363827132587433
2015-09-26,0.0
2015-09-27,0.0
2015-09-28,-0.0346609668804942
2015-09-29,-0.0152119503156582
2015-09-30,-0.014285753401359
2015-10-01,-0.0308269773105525
2015-10-02,0.05080647391355
2015-10-03,0.0
2015-10-04,0.0
2015-10-05,-0.0108101988904438
2015-10-06,0.0060833333333333
2015-10-07,-0.0197354942315006
2015-10-08,-0.0146035512561619
2015-10-09,-0.0010863395399823
2015-10-10,0.0
2015-10-11,0.0
2015-10-12,-0.033230167272075
2015-10-13,0.0279913741556346
2015-10-14,-0.0171749675346664
2015-10-15,0.0225477526809535
2015-10-16,0.0177994522148739
2015-10-17,0.0
2015-10-18,0.0
2015-10-19,0.0070640178159827
2015-10-20,-0.0645090476134957
2015-10-21,-0.008962616372532
2015-10-22,0.0007563339005484
2015-10-23,-0.0274883488372092
2015-10-24,0.0
2015-10-25,0.0
2015-10-26,0.0183554967746357
2015-10-27,-0.0208992510914925
2015-10-28,0.007808385599158
2015-10-29,-0.0005666588225104
2015-10-30,-0.0164923946534033
2015-10-31,0.0
2015-11-01,0.0
2015-11-02,0.0233103340991767
2015-11-03,-0.0257190086509236
2015-11-04,0.0203964308195404
2015-11-05,0.0051608768071629
2015-11-06,0.0071955138100457
2015-11-07,0.0
2015-11-08,0.0
2015-11-09,-0.0328769045881797
2015-11-10,-0.0312332206737341
2015-11-11,0.00601554378437
2015-11-12,-0.0225384209318338
2015-11-13,-0.0270486029584409
2015-11-14,0.0
2015-11-15,0.0
2015-11-16,0.0398855121521062
2015-11-17,-0.0055762545172802
2015-11-18,0.0306293458914058
2015-11-19,0.0057132263664991
2015-11-20,-0.0155712329155116
2015-11-21,0.0
2015-11-22,0.0
2015-11-23,0.0018403036153598
2015-11-24,0.0133723588853516
2015-11-25,0.0374988462320933
2015-11-26,0.0
2015-11-27,0.0023802690911335
2015-11-28,0.0
2015-11-29,0.0
2015-11-30,-0.0066008884507145
2015-12-01,0.0265298612252289
2015-12-02,-0.0211393029055146
2015-12-03,-0.0117632280498719
2015-12-04,-0.0089477972780737
2015-12-05,0.0
2015-12-06,0.0
2015-12-07,0.0150637019090097
2015-12-08,-0.0035161742477067
2015-12-09,-0.0096162549625056
2015-12-10,0.0105024251145382
2015-12-11,-0.0364944281655124
2015-12-12,0.0
2015-12-13,0.0
2015-12-14,0.0049193371550581
2015-12-15,-0.0032909342390648
2015-12-16,0.0558757791929662
2015-12-17,-0.0023509661601678
2015-12-18,-0.0104341107482955
2015-12-19,0.0
2015-12-20,0.0
2015-12-21,0.0037550173992183
2015-12-22,-0.0214476994457701
2015-12-23,-0.0106814107442197
2015-12-24,4.332928521860662e-05
2015-12-25,0.0
2015-12-26,0.0
2015-12-27,0.0
2015-12-28,-0.0109723746166142
2015-12-29,0.030991892745547
2015-12-30,0.0062975486052409
2015-12-31,0.0062890235210263
2016-01-01,0.0
2016-01-02,0.0
2016-01-03,0.0
2016-01-04,-0.0316834684534617
2016-01-05,-0.0129439391443705
2016-01-06,-0.004363659090909
2016-01-07,0.0068163778230455
2016-01-08,-0.0314880664529529
2016-01-09,0.0
2016-01-10,0.0
2016-01-11,-0.0287836563143617
2016-01-12,-0.0077032372400755
2016-01-13,-0.0551860761284845
2016-01-14,0.0196330295328364
2016-01-15,0.0302558684790639
2016-01-16,0.0
2016-01-17,0.0
2016-01-18,0.0
2016-01-19,-0.0191174591749925
2016-01-20,-0.003510506431532
2016-01-21,-0.0078392952657083
2016-01-22,-0.010986352807284
2016-01-23,0.0
2016-01-24,0.0
2016-01-25,-0.0183944811957791
2016-01-26,-0.0159633451957296
2016-01-27,-0.0224036790516852
2016-01-28,-0.0057131399519591
2016-01-29,0.0065806787796431
2016-01-30,0.0
2016-01-31,0.0
2016-02-01,0.0433354800629233
2016-02-02,-0.0500987670174938
2016-02-03,-0.0550683603428389
2016-02-04,0.027123697338128
2016-02-05,-0.0507880356560441
2016-02-06,0.0
2016-02-07,0.0
2016-02-08,-0.0579885423297263
2016-02-09,0.0416666300707338
2016-02-10,-0.0453820930232558
2016-02-11,-0.0100657894736841
2016-02-12,-0.0255483870967742
2016-02-13,0.0
2016-02-14,0.0
2016-02-15,0.0
2016-02-16,-0.0222432262129804
2016-02-17,0.0608805365056771
2016-02-18,-0.032768848371162
2016-02-19,0.0178419905805933
2016-02-20,0.0
2016-02-21,0.0
2016-02-22,0.0447919730068172
2016-02-23,0.0059605759514405
2016-02-24,0.036179451119521
2016-02-25,0.0491463755947383
2016-02-26,0.0086910170275032
2016-02-27,0.0
2016-02-28,0.0
2016-02-29,-0.0024427754677754
2016-03-01,-0.0406691912828411
2016-03-02,0.0250911949649592
2016-03-03,0.0396218684736493
2016-03-04,0.0153535866340195
2016-03-05,0.0
2016-03-06,0.0
2016-03-07,0.0384965610708358
2016-03-08,-0.0044226288839648
2016-03-09,0.0205358894126709
2016-03-10,-0.0229524047619048
2016-03-11,-0.0020679796582499
2016-03-12,0.0
2016-03-13,0.0
2016-03-14,0.011756407518373
2016-03-15,0.0189947029448826
2016-03-16,0.0180276155058538
2016-03-17,0.0221700912577345
2016-03-18,0.0158882584024443
2016-03-19,0.0
2016-03-20,0.0
2016-03-21,0.0126625305374663
2016-03-22,-0.012520572224599
2016-03-23,-0.0421310849535457
2016-03-24,0.0554731928572246
2016-03-25,0.0
2016-03-26,0.0
2016-03-27,0.0
2016-03-28,-0.0058287855841454
2016-03-29,0.0010439775317765
2016-03-30,-0.0348803422144565
2016-03-31,0.0018749236940786
2016-04-01,-0.0295714985908589
2016-04-02,0.0
2016-04-03,0.0
2016-04-04,-0.0085501363088043
2016-04-05,0.0622454079935721
2016-04-06,0.0450840856220043
2016-04-07,-0.0347157433905845
2016-04-08,-0.0400383508651957
2016-04-09,0.0
2016-04-10,0.0
2016-04-11,-0.0043027887589086
2016-04-12,-0.0067335267842273
2016-04-13,0.0242243370488108
2016-04-14,-0.0045058499804683
2016-04-15,0.0127332574761598
2016-04-16,0.0
2016-04-17,0.0
2016-04-18,0.0065416882714524
2016-04-19,-0.0227165371618888
2016-04-20,0.0150653783615971
2016-04-21,-0.0028113378047311
2016-04-22,0.0195266985415243
2016-04-23,0.0
2016-04-24,0.0
2016-04-25,-0.0047034306014894
2016-04-26,0.0067050386828011
2016-04-27,-0.0050642928796101
2016-04-28,-0.0085651589240512
2016-04-29,-0.0297412359853806
2016-04-30,0.0
2016-05-01,0.0
2016-05-02,0.0012422774584321
2016-05-03,-0.0212335481968317
2016-05-04,-0.033566330139527
2016-05-05,-0.0741048963909459
2016-05-06,0.0192535685493431
2016-05-07,0.0
2016-05-08,0.0
2016-05-09,-0.0315223662265352
2016-05-10,0.0054926767281462
2016-05-11,0.0065994986945662
2016-05-12,-0.0196745421715164
2016-05-13,-0.0008181971315813
2016-05-14,0.0
2016-05-15,0.0
2016-05-16,0.0006725918646986
2016-05-17,-0.0209998081559481
2016-05-18,0.0096581157227771
2016-05-19,0.0074431468833243
2016-05-20,0.0151620124236603
2016-05-21,0.0
2016-05-22,0.0
2016-05-23,-0.0166007189839613
2016-05-24,0.0060480378578023
2016-05-25,0.0076636912563973
2016-05-26,0.0209523819026023
2016-05-27,-0.0086670294531528
2016-05-28,0.0
2016-05-29,0.0
2016-05-30,0.0
2016-05-31,0.0008518202630999
2016-06-01,-0.0086689992624841
2016-06-02,-0.0028689604004954
2016-06-03,-0.004590909090909
2016-06-04,0.0
2016-06-05,0.0
2016-06-06,0.0122936702887004
2016-06-07,0.0454462947513365
2016-06-08,0.0073567582274061
2016-06-09,-0.0239168450045469
2016-06-10,-0.0378205277756161
2016-06-11,0.0
2016-06-12,0.0
2016-06-13,-0.0074259905500687
2016-06-14,-0.0179093563160325
2016-06-15,0.0034570639192684
2016-06-16,0.0023456443209998
2016-06-17,-0.0107432624764701
2016-06-18,0.0
2016-06-19,0.0
2016-06-20,0.0009110933525697
2016-06-21,-0.0048486720659473
2016-06-22,-0.014087331075166
2016-06-23,0.0036281618887014
2016-06-24,0.0163115767593567
2016-06-25,0.0
2016-06-26,0.0
2016-06-27,0.0402912595543524
2016-06-28,-0.0004952201939283
2016-06-29,0.0246672104356454
2016-06-30,-0.0032399162680229
2016-07-01,0.0502570570908834
2016-07-02,0.0
2016-07-03,0.0
2016-07-04,0.0
2016-07-05,0.0202641973075905
2016-07-06,0.0211428571428571
2016-07-07,0.0133271002657696
2016-07-08,-0.0046832413984564
2016-07-09,0.0
2016-07-10,0.0
2016-07-11,0.0219130746064494
2016-07-12,0.002454261490406
2016-07-13,-0.0131706657725351
2016-07-14,-0.0071262323609217
2016-07-15,-0.0095272330789487
2016-07-16,0.0
2016-07-17,0.0
2016-07-18,0.0300946769692524
2016-07-19,0.001155511111111
2016-07-20,0.0083455205622272
2016-07-21,-0.0243363490191073
2016-07-22,0.0012613181058003
2016-07-23,0.0
2016-07-24,0.0
2016-07-25,0.0348225139430087
2016-07-26,0.0079933685270924
2016-07-27,-0.0037062440045347
2016-07-28,0.0116692695766615
2016-07-29,0.017728673986317
2016-07-30,0.0
2016-07-31,0.0
2016-08-01,-0.0233120816693028
2016-08-02,-0.0094607400823834
2016-08-03,-0.0069489819885864
2016-08-04,0.0217998582125925
2016-08-05,0.000130456521739
2016-08-06,0.0
2016-08-07,0.0
2016-08-08,-0.0080701757925516
2016-08-09,0.0099639366001205
2016-08-10,-0.0113476606061089
2016-08-11,-0.0055710968393001
2016-08-12,0.0008872942441042
2016-08-13,0.0
2016-08-14,0.0
2016-08-15,-0.001902464425769
2016-08-16,-0.0083373985542595
2016-08-17,-0.004858957677106
2016-08-18,-0.0013850415512466
2016-08-19,0.0065312695714413
2016-08-20,0.0
2016-08-21,0.0
2016-08-22,-0.0055315385644823
2016-08-23,0.0023181393686758
2016-08-24,-0.0195111649416427
2016-08-25,-0.0096365241523678
2016-08-26,-0.009678580857149
2016-08-27,0.0
2016-08-28,0.0
2016-08-29,-0.0224846246305842
2016-08-30,-0.0220720466429132
2016-08-31,0.0075084590483405
2016-09-01,-0.0394239289710505
2016-09-02,-0.0224880146295656
2016-09-03,0.0
2016-09-04,0.0
2016-09-05,0.0
2016-09-06,0.0191438292849002
2016-09-07,-0.0184427989509877
2016-09-08,-0.0109746930593834
2016-09-09,-0.0232055848308406
2016-09-10,0.0
2016-09-11,0.0
2016-09-12,0.0169230769230768
2016-09-13,-0.0051253426653136
2016-09-14,0.0033716217945531
2016-09-15,0.0200010178635045
2016-09-16,0.0248478694741043
2016-09-17,0.0
2016-09-18,0.0
2016-09-19,-0.0031884056430721
2016-09-20,-0.0106840224965922
2016-09-21,-0.0055724914266846
2016-09-22,0.0001453488407303
2016-09-23,0.0070877223609046
2016-09-24,0.0
2016-09-25,0.0
2016-09-26,0.0120581358851849
2016-09-27,-0.0183162652039112
2016-09-28,-0.0059755434912905
2016-09-29,-0.0238326854044913
2016-09-30,0.0090005190395994
2016-10-01,0.0
2016-10-02,0.0
2016-10-03,0.0065945126376473
2016-10-04,-0.0079305022977592
2016-10-05,-0.0178100491043136
2016-10-06,-0.0072113008196359
2016-10-07,-0.0218408452278397
2016-10-08,0.0
2016-10-09,0.0
2016-10-10,-0.0019866153464117
2016-10-11,-0.0086697797540197
2016-10-12,0.002786738063865
2016-10-13,-0.0012967082941001
2016-10-14,-0.0206818000598026
2016-10-15,0.0
2016-10-16,0.0
2016-10-17,-0.0156812991626489
2016-10-18,0.0158681047059489
2016-10-19,0.0191248613635294
2016-10-20,-0.0149416188402928
2016-10-21,0.0075025426107113
2016-10-22,0.0
2016-10-23,0.0
2016-10-24,0.0087561440607923
2016-10-25,-0.0027600540778682
2016-10-26,0.0061691789510155
2016-10-27,-0.0346835414647705
2016-10-28,-0.019754902444973
2016-10-29,0.0
2016-10-30,0.0
2016-10-31,-0.0235073331150346
2016-11-01,-0.036608789304747
2016-11-02,-0.010681347575972
2016-11-03,-0.0083597356708924
2016-11-04,0.0082539949273544
2016-11-05,0.0
2016-11-06,0.0
2016-11-07,-0.0019629371858808
2016-11-08,0.0059342588867914
2016-11-09,0.0170163210888355
2016-11-10,-0.0298350963055508
2016-11-11,0.0234477312201476
2016-11-12,0.0
2016-11-13,0.0
2016-11-14,-0.0348403475978909
2016-11-15,0.0054164022321917
2016-11-16,0.0070079388723772
2016-11-17,0.0281758118602749
2016-11-18,-0.0295305263695115
2016-11-19,0.0
2016-11-20,0.0
2016-11-21,-0.0028102032752432
2016-11-22,0.0286806400312267
2016-11-23,0.0132730699715087
2016-11-24,0.0
2016-11-25,0.0155443344467999
2016-11-26,0.0
2016-11-27,0.0
2016-11-28,0.0032739409843988
2016-11-29,-0.0306299601145429
2016-11-30,-0.0083769631314931
2016-12-01,-0.0338380592914709
2016-12-02,-0.0077100010936133
2016-12-03,0.0
2016-12-04,0.0
2016-12-05,0.0235056167745771
2016-12-06,0.0017787300560586
2016-12-07,0.0376041095890411
2016-12-08,0.0012496745639156
2016-12-09,0.0068633363021951
2016-12-10,0.0
2016-12-11,0.0
2016-12-12,-0.0019191130207699
2016-12-13,0.0257272737484588
2016-12-14,-0.0002516352960743
2016-12-15,-0.0041832569977131
2016-12-16,0.0222637312635368
2016-12-17,0.0
2016-12-18,0.0
2016-12-19,0.0011852436864721
2016-12-20,0.0282688493408311
2016-12-21,-0.0035979372414953
2016-12-22,0.0011045528502411
2016-12-23,0.0256731021958222
2016-12-24,0.0
2016-12-25,0.0
2016-12-26,0.0
2016-12-27,0.0216398910256937
2016-12-28,-0.0080801245880917
2016-12-29,-0.0177525842902368
2016-12-30,-0.0120665516443158
2016-12-31,0.0
2017-01-01,0.0
2017-01-02,0.0
2017-01-03,0.0099134087312668
2017-01-04,0.0569964596741219
2017-01-05,0.0014574242558078
2017-01-06,0.0091657335228601
2017-01-07,0.0
2017-01-08,0.0
2017-01-09,0.0100887017969319
2017-01-10,-0.009181098742194
2017-01-11,0.0028812154119093
2017-01-12,0.0023137824150878
2017-01-13,0.0336956304347826
2017-01-14,0.0
2017-01-15,0.0
2017-01-16,0.0
2017-01-17,-0.004731706801859
2017-01-18,0.0072258395425379
2017-01-19,-0.0141153081068694
2017-01-20,-0.002974008045588
2017-01-21,0.0
2017-01-22,0.0
2017-01-23,0.0124873301804893
2017-01-24,0.01844002
2017-01-25,-0.0110372892216668
2017-01-26,-0.0069999407369562
2017-01-27,0.0062455046892055
2017-01-28,0.0
2017-01-29,0.0
2017-01-30,-0.0075238980017443
2017-01-31,0.0107928502648049
2017-02-01,-0.0150563324430678
2017-02-02,0.0129258680221846
2017-02-03,-0.0023024294390853
2017-02-04,0.0
2017-02-05,0.0
2017-02-06,0.0269721110164917
2017-02-07,-0.0027499515860412
2017-02-08,0.018379618838554
2017-02-09,0.0110798122065728
2017-02-10,-0.0020756699655286
2017-02-11,0.0
2017-02-12,0.0
2017-02-13,0.0364187049645177
2017-02-14,0.00698847794144
2017-02-15,-0.0008571428571428
2017-02-16,-0.0311599243515851
2017-02-17,0.0241911023325809
2017-02-18,0.0
2017-02-19,0.0
2017-02-20,0.0
2017-02-21,0.0070430386640042
2017-02-22,-0.0242588562662766
2017-02-23,-0.0303408528473645
2017-02-24,0.0171772536773281
2017-02-25,0.0
2017-02-26,0.0
2017-02-27,-0.0078172423704969
2017-02-28,0.0237519959099063
2017-03-01,-0.0163662958605377
2017-03-02,0.003083576887518
2017-03-03,0.0033102018686728
2017-03-04,0.0
2017-03-05,0.0
2017-03-06,0.0133112820517268
2017-03-07,-0.0132184823201509
2017-03-08,-0.0005263360110795
2017-03-09,-0.0110245323461509
2017-03-10,-0.0102352055108402
2017-03-11,0.0
2017-03-12,0.0
2017-03-13,0.0055142552586745
2017-03-14,0.0483116898947624
2017-03-15,-0.0049416729594679
2017-03-16,-0.0013338414634146
2017-03-17,-0.0094696971490472
2017-03-18,0.0
2017-03-19,0.0
2017-03-20,0.0050652341723951
2017-03-21,-0.0462275978302477
2017-03-22,0.0137144021307044
2017-03-23,-0.0023884647478065
2017-03-24,0.0291748343600866
2017-03-25,0.0
2017-03-26,0.0
2017-03-27,0.0369148126806372
2017-03-28,0.0015522886714368
2017-03-29,-0.0034489653562004
2017-03-30,-0.0004316285271316
2017-03-31,-0.0015426757630207
2017-04-01,0.0
2017-04-02,0.0
2017-04-03,0.0405018814830624
2017-04-04,0.0229378565441023
2017-04-05,-0.0233081872714178
2017-04-06,0.006130473695272
2017-04-07,0.0169411596638655
2017-04-08,0.0
2017-04-09,0.0
2017-04-10,0.0104803328325947
2017-04-11,-0.0149020041946199
2017-04-12,-0.0310113262710933
2017-04-13,0.0246039602291876
2017-04-14,0.0
2017-04-15,0.0
2017-04-16,0.0
2017-04-17,-0.0041625866507665
2017-04-18,0.0018351685324519
2017-04-19,0.0101170235714304
2017-04-20,-0.0130501292959488
2017-04-21,0.0119204797377324
2017-04-22,0.0
2017-04-23,0.0
2017-04-24,-0.0038484411147908
2017-04-25,0.0187987181428155
2017-04-26,-0.007042913964896
2017-04-27,-0.0098174306230961
2017-04-28,0.0136849078526934
2017-04-29,0.0
2017-04-30,0.0
2017-05-01,0.0252477126128139
2017-05-02,-0.0157716505043989
2017-05-03,-0.0209336890483834
2017-05-04,-0.0389669535351118
2017-05-05,0.0347315447896491
2017-05-06,0.0
2017-05-07,0.0
2017-05-08,-0.0119330974589899
2017-05-09,0.0383993800245552
2017-05-10,0.0113820600436659
2017-05-11,-0.0009275974025975
2017-05-12,-0.0020585442721743
2017-05-13,0.0
2017-05-14,0.0
2017-05-15,-0.0078522521491967
2017-05-16,-0.0018262854048841
2017-05-17,-0.0263366845744674
2017-05-18,0.0197393804645153
2017-05-19,-0.0148018705166995
2017-05-20,0.0
2017-05-21,0.0
2017-05-22,-0.0078324966778692
2017-05-23,-0.0212587776405781
2017-05-24,0.0121040263646872
2017-05-25,0.0186805031618625
2017-05-26,0.0247730549550389
2017-05-27,0.0
2017-05-28,0.0
2017-05-29,0.0
2017-05-30,0.0279141117138396
2017-05-31,0.0098315167807303
2017-06-01,-0.0105524123305633
2017-06-02,0.000235438672177
2017-06-03,0.0
2017-06-04,0.0
2017-06-05,0.0260561311398582
2017-06-06,0.0236437184901733
2017-06-07,0.0092889097291606
2017-06-08,0.0171821305841924
2017-06-09,-0.04567071554655
2017-06-10,0.0
2017-06-11,0.0
2017-06-12,0.0028492695326685
2017-06-13,0.022659267105727
2017-06-14,-0.0011283161161847
2017-06-15,0.0076241744966442
2017-06-16,-0.0174083547091333
2017-06-17,0.0
2017-06-18,0.0
2017-06-19,-0.01386668
2017-06-20,-0.0117609844160671
2017-06-21,0.0054761050296739
2017-06-22,0.0122225852535781
2017-06-23,0.0026147732413328
2017-06-24,0.0
2017-06-25,0.0
2017-06-26,-0.0237916169460659
2017-06-27,-0.0372741769032169
2017-06-28,0.0124359388627132
2017-06-29,-0.0266047859851383
2017-06-30,-0.0057738035429518
2017-07-01,0.0
2017-07-02,0.0
2017-07-03,-0.0475906863490176
2017-07-04,0.0
2017-07-05,-0.0579205484469889
2017-07-06,-0.0265712822290865
2017-07-07,-0.0008931419315287
2017-07-08,0.0
2017-07-09,0.0
2017-07-10,0.0100670658335869
2017-07-11,0.0355063127293305
2017-07-12,-0.0026634835755603
2017-07-13,-0.0202963245450155
2017-07-14,0.0142021720969088
2017-07-15,0.0
2017-07-16,0.0
2017-07-17,-0.0183387750095602
2017-07-18,0.0338268188976378
2017-07-19,-0.0090485629559417
2017-07-20,0.0092383607787562
2017-07-21,-0.0032173557705746
2017-07-22,0.0
2017-07-23,0.0
2017-07-24,0.0371850943488869
2017-07-25,-0.0156522028985506
2017-07-26,0.0102538196358828
2017-07-27,-0.0333525881511237
2017-07-28,-0.0054023273294645
2017-07-29,0.0
2017-07-30,0.0
2017-07-31,-0.0358569012177913
2017-08-01,-0.0106191489355773
2017-08-02,0.021790980177807
2017-08-03,0.0050965307069605
2017-08-04,0.028559105805213
2017-08-05,0.0
2017-08-06,0.0
2017-08-07,-0.0061005176143763
2017-08-08,0.0215087134579776
2017-08-09,0.0070083659421759
2017-08-10,-0.0171459900442477
2017-08-11,0.0025212203765536
2017-08-12,0.0
2017-08-13,0.0
2017-08-14,-0.0022762936836123
2017-08-15,-0.0078586800676522
2017-08-16,-0.0002478925688123
2017-08-17,-0.0257190287804473
2017-08-18,-0.0154430872539304
2017-08-19,0.0
2017-08-20,0.0
2017-08-21,-0.0230177834853711
2017-08-22,0.0006449007898719
2017-08-23,0.0406502274691095
2017-08-24,0.0011630687950491
2017-08-25,-0.0174740147922312
2017-08-26,0.0
2017-08-27,0.0
2017-08-28,-0.0046647805133498
2017-08-29,0.0232119109690165
2017-08-30,0.0100380933462434
2017-08-31,0.0066468817231918
2017-09-01,-0.0020217483154801
2017-09-02,0.0
2017-09-03,0.0
2017-09-04,0.0
2017-09-05,-0.0118994202402651
2017-09-06,-0.0142203715530652
2017-09-07,0.0133823199806681
2017-09-08,-0.0160176086428381
2017-09-09,0.0
2017-09-10,0.0
2017-09-11,0.0351217035059784
2017-09-12,-0.0047737933232546
2017-09-13,0.0066241822879447
2017-09-14,0.0365328563335243
2017-09-15,0.0141517983498437
2017-09-16,0.0
2017-09-17,0.0
2017-09-18,0.0124917417820482
2017-09-19,-0.0128947763157894
2017-09-20,0.0024396783495892
2017-09-21,-0.0224593882718302
2017-09-22,-0.0420201796237351
2017-09-23,0.0
2017-09-24,0.0
2017-09-25,-0.0231062731037635
2017-09-26,-0.0161854792772979
2017-09-27,-0.025521619368893
2017-09-28,-0.0008238201960638
2017-09-29,-0.0022231468372097
2017-09-30,0.0
2017-10-01,0.0
2017-10-02,-0.0028903130588086
2017-10-03,0.0364393867222387
2017-10-04,0.010704612099644
2017-10-05,-0.0018819523264867
2017-10-06,0.0107051255718581
2017-10-07,0.0
2017-10-08,0.0
2017-10-09,-0.0191906620906621
2017-10-10,0.0253459483081611
2017-10-11,0.002006244878352
2017-10-12,0.0077348920660089
2017-10-13,-0.0039498849263329
2017-10-14,0.0
2017-10-15,0.0
2017-10-16,-0.0089325532696256
2017-10-17,0.0137927533241108
2017-10-18,0.0103379498272326
2017-10-19,-0.0105467431657104
2017-10-20,-0.0215203855646492
2017-10-21,0.0
2017-10-22,0.0
2017-10-23,-0.0367554457744211
2017-10-24,-0.0043093269094059
2017-10-25,-0.0322541896200885
2017-10-26,-0.0049118158520957
2017-10-27,0.0035027833697765
2017-10-28,0.0
2017-10-29,0.0
2017-10-30,0.0028197255908847
2017-10-31,0.0352871696995025
2017-11-01,-0.0336191738278031
2017-11-02,-0.0028987438293615
2017-11-03,0.0220032880800237
2017-11-04,0.0
2017-11-05,0.0
2017-11-06,-0.013745960464301
2017-11-07,0.0167098534434564
2017-11-08,-0.0036333880076395
2017-11-09,0.0016198347107437
2017-11-10,0.0016198347107437
2017-11-11,0.0
2017-11-12,0.0
2017-11-13,0.0508779686989309
2017-11-14,-0.0199999682539683
2017-11-15,0.0172869840854874
2017-11-16,-0.0047453740564986
2017-11-17,-0.0326097721953309
2017-11-18,0.0
2017-11-19,0.0
2017-11-20,-0.0160935341485313
2017-11-21,0.0223573148305134
2017-11-22,-0.0131641253906619
2017-11-23,0.0
2017-11-24,0.0056088786387213
2017-11-25,0.0
2017-11-26,0.0
2017-11-27,0.0113646923746307
2017-11-28,0.0037615217436073
2017-11-29,-0.0307595340491575
2017-11-30,0.0009398171849943
2017-12-01,0.0035686058871037
2017-12-02,0.0
2017-12-03,0.0
2017-12-04,-0.0042414030055694
2017-12-05,0.0056291388864522
2017-12-06,0.0438520493168943
2017-12-07,-0.0024359133834642
2017-12-08,0.0016847266905507
2017-12-09,0.0
2017-12-10,0.0
2017-12-11,0.0453866294597882
2017-12-12,0.03201702418018
2017-12-13,-0.0055729477710797
2017-12-14,-0.0091492914071747
2017-12-15,0.0041223981459362
2017-12-16,0.0
2017-12-17,0.0
2017-12-18,-0.0174833422376047
2017-12-19,-0.0269206040404219
2017-12-20,-0.0111515822191355
2017-12-21,0.0062805607919016
2017-12-22,-0.0130800127461988
2017-12-23,0.0
2017-12-24,0.0
2017-12-25,0.0
2017-12-26,-0.0201957666089578
2017-12-27,-0.0137974997816851
2017-12-28,0.0115798079095367
2017-12-29,-0.0152761085457649
2017-12-30,0.0
2017-12-31,0.0
2018-01-01,0.0
2018-01-02,0.0273397587391103
2018-01-03,-0.0116821812312545
2018-01-04,0.0055933613706433
2018-01-05,-0.0001263186133801
2018-01-06,0.0
2018-01-07,0.0
2018-01-08,0.0645885591046114
2018-01-09,-0.004385950124894
2018-01-10,0.0078265650864969
2018-01-11,0.0080837463347339
2018-01-12,-0.0071168386473979
2018-01-13,0.0
2018-01-14,0.0
2018-01-15,0.0
2018-01-16,0.0074657518753738
2018-01-17,0.0196492636752353
2018-01-18,-0.0031822546135511
2018-01-19,0.0145506956521738
2018-01-20,0.0
2018-01-21,0.0
2018-01-22,0.0061820122860049
2018-01-23,-0.0200277916666667
2018-01-24,-0.0245078543629082
2018-01-25,-0.0305222820013534
2018-01-26,0.0039531037795121
2018-01-27,0.0
2018-01-28,0.0
2018-01-29,0.0284831097766204
2018-01-30,0.0019702294720981
2018-01-31,0.0195677968917123
2018-02-01,-0.0049857409538065
2018-02-02,-0.0134600497382592
2018-02-03,0.0
2018-02-04,0.0
2018-02-05,-0.0143208416628447
2018-02-06,0.0269364256941668
2018-02-07,0.0177291815862938
2018-02-08,-0.0817919919988352
2018-02-09,-0.0297252523989621
2018-02-10,0.0
2018-02-11,0.0
2018-02-12,-0.0012653338416052
2018-02-13,0.0274268291718991
2018-02-14,0.0045817074644948
2018-02-15,0.029491539923219
2018-02-16,0.0089924812030075
2018-02-17,0.0
2018-02-18,0.0
2018-02-19,0.0
2018-02-20,0.0008970162150723
2018-02-21,-0.0081242298585806
2018-02-22,0.0317109931282899
2018-02-23,0.0121323919117847
2018-02-24,0.0
2018-02-25,0.0
2018-02-26,0.011089165958522
2018-02-27,-0.0147649403508772
2018-02-28,-0.0269733669909521
2018-03-01,-0.0408104408685319
2018-03-02,0.0248944568539691
2018-03-03,0.0
2018-03-04,0.0
2018-03-05,0.0028881887040008
2018-03-06,-0.0166292284644194
2018-03-07,0.0210791860748149
2018-03-08,-0.011296025525687
2018-03-09,0.0094723542116632
2018-03-10,0.0
2018-03-11,0.0
2018-03-12,0.0514286996743861
2018-03-13,0.040260430297313
2018-03-14,-0.0300807858748418
2018-03-15,-0.0114760460786332
2018-03-16,-0.004892732246814
2018-03-17,0.0
2018-03-18,0.0
2018-03-19,-0.0092890522794479
2018-03-20,-0.0137199163737402
2018-03-21,0.0202417569740814
2018-03-22,-0.015260122973016
2018-03-23,-0.0311968032128513
2018-03-24,0.0
2018-03-25,0.0
2018-03-26,-0.0102817727969312
2018-03-27,-0.0816447381849463
2018-03-28,-0.0257011111951016
2018-03-29,0.0375843502670669
2018-03-30,0.0
2018-03-31,0.0
2018-04-01,0.0
2018-04-02,-0.0147506636765523
2018-04-03,-0.0084871394172571
2018-04-04,0.1351372735184745
2018-04-05,0.0566116160917951
2018-04-06,-0.0056478404377435
2018-04-07,0.0
2018-04-08,0.0
2018-04-09,-0.035656056935512
2018-04-10,0.019165802909419
2018-04-11,0.0006318082169283
2018-04-12,-0.0272558708114602
2018-04-13,-0.0107378127348845
2018-04-14,0.0
2018-04-15,0.0
2018-04-16,-0.0260534786965464
2018-04-17,-0.0040848826144937
2018-04-18,0.0077985090009619
2018-04-19,0.0309193177133434
2018-04-20,-0.0167022393874715
2018-04-21,0.0
2018-04-22,0.0
2018-04-23,-0.0271893821825222
2018-04-24,-0.0054034912280702
2018-04-25,-0.0099118340403557
2018-04-26,0.0241435156950672
2018-04-27,0.0305217957297227
2018-04-28,0.0
2018-04-29,0.0
2018-04-30,0.0009876877490547
2018-05-01,0.021839136656332
2018-05-02,0.0086411727795629
2018-05-03,0.020302019805266
2018-05-04,0.0391873335401885
2018-05-05,0.0
2018-05-06,0.0
2018-05-07,0.0177143025210083
2018-05-08,0.0038896442819149
2018-05-09,0.0214373352844889
2018-05-10,-0.0080650081300813
2018-05-11,-0.0215794439132361
2018-05-12,0.0
2018-05-13,0.0
2018-05-14,-0.0374192266019512
2018-05-15,-0.0029121785711409
2018-05-16,0.0093366101070465
2018-05-17,-0.0047568905211612
2018-05-18,-0.0275075004391357
2018-05-19,0.0
2018-05-20,0.0
2018-05-21,0.0112323607726221
2018-05-22,-0.0443077406278753
2018-05-23,0.0047163200142685
2018-05-24,-0.0019755747126436
2018-05-25,0.0043943196989821
2018-05-26,0.0
2018-05-27,0.0
2018-05-28,0.0
2018-05-29,0.0188502926286309
2018-05-30,0.0297575094469006
2018-05-31,-0.0086348315059567
2018-06-01,0.0208493139850046
2018-06-02,0.0
2018-06-03,0.0
2018-06-04,0.0081538357002105
2018-06-05,-0.0220691800122743
2018-06-06,0.063228022070816
2018-06-07,-0.0001897991459749
2018-06-08,-0.0042005956771253
2018-06-09,0.0
2018-06-10,0.0
2018-06-11,0.0297354970347509
2018-06-12,-0.0055990859994464
2018-06-13,-0.0055666404675389
2018-06-14,0.0290250837237137
2018-06-15,0.0122372403413192
2018-06-16,0.0
2018-06-17,0.0
2018-06-18,0.0434158400839662
2018-06-19,-0.0345327537115991
2018-06-20,0.011674644964958
2018-06-21,-0.0400276646401198
2018-06-22,-0.0509472755724422
2018-06-23,0.0
2018-06-24,0.0
2018-06-25,0.0087543163469551
2018-06-26,0.0177057434564164
2018-06-27,-0.0014492463768115
2018-06-28,0.0036424882796281
2018-06-29,-0.0293776922423796
2018-06-30,0.0
2018-07-01,0.0
2018-07-02,-0.0694309439831144
2018-07-03,-0.0629690599237093
2018-07-04,0.0
2018-07-05,-0.0146608556645342
2018-07-06,0.0129528934922809
2018-07-07,0.0
2018-07-08,0.0
2018-07-09,0.0208981220695875
2018-07-10,-0.0064394870082809
2018-07-11,0.0100063331222293
2018-07-12,-0.0146844407172116
2018-07-13,0.0104252010516319
2018-07-14,0.0
2018-07-15,0.0
2018-07-16,-0.0051650413070648
2018-07-17,0.0449467464630883
2018-07-18,-0.0035385076923076
2018-07-19,0.0123288814264988
2018-07-20,-0.023814742588963
2018-07-21,0.0
2018-07-22,0.0
2018-07-23,0.0045056818181818
2018-07-24,-0.022961681607018
2018-07-25,0.0404394587854688
2018-07-26,0.0059045595226412
2018-07-27,-0.032774612973562
2018-07-28,0.0
2018-07-29,0.0
2018-07-30,-0.0193646502196688
2018-07-31,0.0201539260880422
2018-08-01,0.0095640625524346
2018-08-02,0.0642429780633917
2018-08-03,0.0010351485601421
2018-08-04,0.0
2018-08-05,0.0
2018-08-06,-0.0100445778073622
2018-08-07,0.103914658094307
2018-08-08,0.0033867078031549
2018-08-09,-0.03583645143159
2018-08-10,0.0042089969967938
2018-08-11,0.0
2018-08-12,0.0
2018-08-13,-0.013070085926677
2018-08-14,-0.0301576501560147
2018-08-15,-0.0094177555837643
2018-08-16,-0.0131212081691856
2018-08-17,-0.0556414090714717
2018-08-18,0.0
2018-08-19,0.0
2018-08-20,0.0573877271169009
2018-08-21,0.0363477500290476
2018-08-22,0.0023997100134191
2018-08-23,0.0030080529392752
2018-08-24,0.0066106019116089
2018-08-25,0.0
2018-08-26,0.0
2018-08-27,0.0039937422639541
2018-08-28,-0.0205709151812272
2018-08-29,-0.0169530083966705
2018-08-30,0.0029445014226163
2018-08-31,-0.0011258443335813
2018-09-01,0.0
2018-09-02,0.0
2018-09-03,0.0
2018-09-04,-0.0269077759816798
2018-09-05,-0.0151201373485402
2018-09-06,-0.0135182586642953
2018-09-07,0.0120722606689733
2018-09-08,0.0
2018-09-09,0.0
2018-09-10,0.0447924687111175
2018-09-11,-0.0001073639369635
2018-09-12,0.0323337845485283
2018-09-13,0.0049996180820776
2018-09-14,0.02230229294747
2018-09-15,0.0
2018-09-16,0.0
2018-09-17,0.0165494417416467
2018-09-18,-0.0395362155863659
2018-09-19,0.0659869511606189
2018-09-20,-0.0172289162857782
2018-09-21,0.0047027039855105
2018-09-22,0.0
2018-09-23,0.0
2018-09-24,0.0040204034444585
2018-09-25,0.0033000333333333
2018-09-26,0.0254049219966214
2018-09-27,-0.0171939911411316
2018-09-28,-0.0203137541742674
2018-09-29,0.0
2018-09-30,0.0
2018-10-01,0.0161232301423166
2018-10-02,-0.0411849332507574
2018-10-03,-0.0281212046286221
2018-10-04,-0.0412315012547796
2018-10-05,-0.0462406881485526
2018-10-06,0.0
2018-10-07,0.0
2018-10-08,-0.052774819536799
2018-10-09,0.0295788840270104
2018-10-10,-0.0292128409883821
2018-10-11,-0.0205801650180528
2018-10-12,-0.0085057469634914
2018-10-13,0.0
2018-10-14,0.0
2018-10-15,0.002045838801822
2018-10-16,0.040986112927853
2018-10-17,-0.03760625
2018-10-18,-0.0199784797066923
2018-10-19,-0.0276375513736947
2018-10-20,0.0
2018-10-21,0.0
2018-10-22,0.0010356950653792
2018-10-23,0.1147156029376436
2018-10-24,-0.0416873948129446
2018-10-25,-0.0074396318012735
2018-10-26,0.0734792839098368
2018-10-27,0.0
2018-10-28,0.0
2018-10-29,-0.0077636823526382
2018-10-30,0.0045982215567127
2018-10-31,0.0143741197581891
2018-11-01,0.0177970052622243
2018-11-02,0.0077674549402534
2018-11-03,0.0
2018-11-04,0.0
2018-11-05,0.0026431865680819
2018-11-06,0.0058689206121631
2018-11-07,0.0140386353765747
2018-11-08,0.0083214063839917
2018-11-09,0.004326561418629
2018-11-10,0.0
2018-11-11,0.0
2018-11-12,-0.0490571347098123
2018-11-13,0.0167186627014851
2018-11-14,0.003793434435462
2018-11-15,0.017848288879957
2018-11-16,0.0264202026008804
2018-11-17,0.0
2018-11-18,0.0
2018-11-19,-0.0080540777923915
2018-11-20,0.0167959478213884
2018-11-21,-0.039232981839972
2018-11-22,0.0
2018-11-23,-0.0254823227688504
2018-11-24,0.0
2018-11-25,0.0
2018-11-26,0.0646153384615384
2018-11-27,0.0113806054585912
2018-11-28,0.0054336687601859
2018-11-29,-0.0168011666627905
2018-11-30,0.0253050357767766
2018-12-01,0.0
2018-12-02,0.0
2018-12-03,-0.0041944722222222
2018-12-04,0.0102514114625954
2018-12-05,0.0
2018-12-06,0.0198027715596707
2018-12-07,-0.0298916112510185
2018-12-08,0.0
2018-12-09,0.0
2018-12-10,0.0143055416666667
2018-12-11,-0.008515652225794
2018-12-12,-0.0076336280804927
2018-12-13,0.0179387142771674
2018-12-14,-0.0247733599999999
2018-12-15,0.0
2018-12-16,0.0
2018-12-17,-0.0375138663670202
2018-12-18,-0.0385405934118619
2018-12-19,-0.0137143815335181
2018-12-20,-0.0356826763074345
2018-12-21,0.0074669029615627
2018-12-22,0.0
2018-12-23,0.0
2018-12-24,-0.0577671761121662
2018-12-25,0.0
2018-12-26,0.0869666999999999
2018-12-27,-0.011599503057771
2018-12-28,0.0333333163107404
2018-12-29,0.0
2018-12-30,0.0
2018-12-31,-0.0147725068055968
2019-01-01,0.0
2019-01-02,0.0131329138658458
2019-01-03,-0.0216287126505305
2019-01-04,0.0382025647352522
2019-01-05,0.0
2019-01-06,0.0
2019-01-07,0.0411537193474536
2019-01-08,-0.0193297174912188
2019-01-09,0.0090313415508596
2019-01-10,0.0316089428054251
2019-01-11,0.0151130406488504
2019-01-12,0.0
2019-01-13,0.0
2019-01-14,-0.0233074514664247
2019-01-15,0.0281492835820896
2019-01-16,0.0036834792667282
2019-01-17,0.0031772769349791
2019-01-18,-0.0642104973439782
2019-01-19,0.0
2019-01-20,0.0
2019-01-21,0.0
2019-01-22,-0.0193557014081146
2019-01-23,-0.0167862905982905
2019-01-24,0.0299614710447915
2019-01-25,0.0090017157173041
2019-01-26,0.0
2019-01-27,0.0
2019-01-28,0.0118466421111153
2019-01-29,0.0074169403018095
2019-01-30,0.0276918289232816
2019-01-31,0.0199999664451832
2019-02-01,0.0222316973348175
2019-02-02,0.0
2019-02-03,0.0
2019-02-04,-0.0002875902567642
2019-02-05,0.0283528428373253
2019-02-06,-0.0074157359024959
2019-02-07,-0.0184807053941908
2019-02-08,-0.0033569239748896
2019-02-09,0.0
2019-02-10,0.0
2019-02-11,0.0039794768934531
2019-02-12,-0.0138836491497896
2019-02-13,-0.0133824553644556
2019-02-14,0.0012855659780731
2019-02-15,0.0111001309983536
2019-02-16,0.0
2019-02-17,0.0
2019-02-18,0.0
2019-02-19,-0.0030010764613778
2019-02-20,-0.0060773134916724
2019-02-21,-0.0350552002915742
2019-02-22,0.0007470881990404
2019-02-23,0.0
2019-02-24,0.0
2019-02-25,0.0028867946210803
2019-02-26,0.0193005098898089
2019-02-27,0.0429452422782365
2019-02-28,0.0030101906434215
2019-03-01,-0.0395842835733368
2019-03-02,0.0
2019-03-03,0.0
2019-03-04,-0.0428015892459146
2019-03-05,-0.0193617546325618
2019-03-06,-0.0008680555398571
2019-03-07,-0.0080691612369401
2019-03-08,0.0261095482286663
2019-03-09,0.0
2019-03-10,0.0
2019-03-11,0.026100434292121
2019-03-12,-0.0109253202555063
2019-03-13,0.017823195100796
2019-03-14,-0.0085142927504087
2019-03-15,-0.0284998941836266
2019-03-16,0.0
2019-03-17,0.0
2019-03-18,-0.0235869923263226
2019-03-19,-0.000112168224299
2019-03-20,0.0144981460195038
2019-03-21,0.0052091159207629
2019-03-22,-0.0295326331633398
2019-03-23,0.0
2019-03-24,0.0
2019-03-25,0.0027337991849795
2019-03-26,0.0125926675238239
2019-03-27,0.0226232558139535
2019-03-28,0.0052677154940777
2019-03-29,0.0041621455270131
2019-03-30,0.0
2019-03-31,0.0
2019-04-01,0.0232113977500318
2019-04-02,-0.0083940513354144
2019-04-03,0.0156271576008081
2019-04-04,0.0224903975902248
2019-04-05,0.0188987067368265
2019-04-06,0.0
2019-04-07,0.0
2019-04-08,-0.016169092015164
2019-04-09,0.0024295968183472
2019-04-10,-0.0024571438895714
2019-04-11,0.0004472232575476
2019-04-12,-0.0093256977523073
2019-04-13,0.0
2019-04-14,0.0
2019-04-15,-0.0083758512312157
2019-04-16,0.0286359161378771
2019-04-17,-0.0128117013137088
2019-04-18,0.0074844599596084
2019-04-19,0.0
2019-04-20,0.0
2019-04-21,0.0
2019-04-22,-0.0232342011753569
2019-04-23,0.0144147609920192
2019-04-24,-0.0196703050975934
2019-04-25,-0.0289019411764705
2019-04-26,-0.0460851733485836
2019-04-27,0.0
2019-04-28,0.0
2019-04-29,0.023785253459992
2019-04-30,-0.0139221683450831
2019-05-01,-0.0202638057358175
2019-05-02,-0.005783642880417
2019-05-03,0.0458050120110926
2019-05-04,0.0
2019-05-05,0.0
2019-05-06,0.021278276886718
2019-05-07,-0.0379283871119861
2019-05-08,-0.0085041103101967
2019-05-09,-8.268594699644514e-05
2019-05-10,-0.0009593743282716
2019-05-11,0.0
2019-05-12,0.0
2019-05-13,-0.0215507952243437
2019-05-14,0.0131269295000669
2019-05-15,0.0114687123438301
2019-05-16,-0.0050546648014002
2019-05-17,-0.0492430415049126
2019-05-18,0.0
2019-05-19,0.0
2019-05-20,0.0126232245408474
2019-05-21,0.0370145902616601
2019-05-22,-0.0319939477649423
2019-05-23,0.0059174642379334
2019-05-24,-0.0460391582845418
2019-05-25,0.0
2019-05-26,0.0
2019-05-27,0.0
2019-05-28,-0.013075313123676
2019-05-29,0.0147515240380291
2019-05-30,-0.0028079205298012
2019-05-31,0.0003241761210156
2019-06-01,0.0
2019-06-02,0.0
2019-06-03,-0.0352542171512528
2019-06-04,0.0690226375200817
2019-06-05,-0.0105194030601971
2019-06-06,0.0073860056740364
2019-06-07,-0.002438975609756
2019-06-08,0.0
2019-06-09,0.0
2019-06-10,0.0125089420335063
2019-06-11,-0.0093091404880245
2019-06-12,-0.0614038797936757
2019-06-13,0.0167791852837722
2019-06-14,0.0173728047337277
2019-06-15,0.0
2019-06-16,0.0
2019-06-17,0.044319657408584
2019-06-18,-0.0174011240250333
2019-06-19,0.0058638000502819
2019-06-20,-0.0151569065092783
2019-06-21,0.0260846134974704
2019-06-22,0.0
2019-06-23,0.0
2019-06-24,0.0017918384203511
2019-06-25,-0.0206336744344077
2019-06-26,-0.0047206209432163
2019-06-27,0.0154477561049841
2019-06-28,0.0111769532025451
2019-06-29,0.0
2019-06-30,0.0
2019-07-01,-0.0132053776986229
2019-07-02,-0.0189610730045
2019-07-03,-0.0187559638562999
2019-07-04,0.0
2019-07-05,-0.0062668285316359
2019-07-06,0.0
2019-07-07,0.0
2019-07-08,-0.0038920601130414
2019-07-09,0.0047604927449118
2019-07-10,0.0203715131167408
2019-07-11,0.0019316999215462
2019-07-12,0.0222314489628477
2019-07-13,0.0
2019-07-14,0.0
2019-07-15,0.0221774807329629
2019-07-16,0.0123546126683792
2019-07-17,-0.0031681269442666
2019-07-18,-0.0059203687873111
2019-07-19,0.0097383941491649
2019-07-20,0.0
2019-07-21,0.0
2019-07-22,-0.0118646956521739
2019-07-23,0.0134782636725928
2019-07-24,0.0220319095574333
2019-07-25,-0.0200428475365556
2019-07-26,0.0049357263558902
2019-07-27,0.0
2019-07-28,0.0
2019-07-29,0.0382227319173615
2019-07-30,0.0401888776217742
2019-07-31,-0.0057201442683187
2019-08-01,-0.036266207217519
2019-08-02,0.012924140912038
2019-08-03,0.0
2019-08-04,0.0
2019-08-05,-0.0055748478037825
2019-08-06,-0.0048731456976269
2019-08-07,0.0305518549790697
2019-08-08,0.0164214334916064
2019-08-09,-0.0044058463123459
2019-08-10,0.0
2019-08-11,0.0
2019-08-12,-0.0170823211296622
2019-08-13,0.0270529909738868
2019-08-14,-0.0501276101784609
2019-08-15,-0.0236349492068517
2019-08-16,0.015138880846975
2019-08-17,0.0
2019-08-18,0.0
2019-08-19,0.0116855183017152
2019-08-20,-0.0077321196613706
2019-08-21,-0.0053150758974821
2019-08-22,-0.0029174370979031
2019-08-23,-0.0389598590480489
2019-08-24,0.0
2019-08-25,0.0
2019-08-26,0.0065542835544408
2019-08-27,-0.0076943776697501
2019-08-28,0.008891408322603
2019-08-29,0.0123744295062655
2019-08-30,-0.0154483955728389
2019-08-31,0.0
2019-09-01,0.0
2019-09-02,0.0
2019-09-03,0.0041502363374582
2019-09-04,-0.027370004291507
2019-09-05,0.031820224719101
2019-09-06,0.0011004181580196
2019-09-07,0.0
2019-09-08,0.0
2019-09-09,0.007782652173913
2019-09-10,0.0205373050259965
2019-09-11,0.0409469188243778
2019-09-12,-0.0073879893542997
2019-09-13,-0.0071265997378766
2019-09-14,0.0
2019-09-15,0.0
2019-09-16,-0.0129674997364329
2019-09-17,0.0095682148217967
2019-09-18,-0.0061632244897958
2019-09-19,0.0024390040154673
2019-09-20,-0.0238143332386709
2019-09-21,0.0
2019-09-22,0.0
2019-09-23,0.0051249583333333
2019-09-24,-0.0758115875328836
2019-09-25,0.0184361199331162
2019-09-26,0.0515911081245122
2019-09-27,-0.000289017347007
2019-09-28,0.0
2019-09-29,0.0
2019-09-30,-0.0087653913072177
2019-10-01,0.0132091307082636
2019-10-02,-0.0006576924522649
2019-10-03,0.0050460836260637
2019-10-04,-0.0007771685328174
2019-10-05,0.0
2019-10-06,0.0
2019-10-07,0.0344647527081102
2019-10-08,0.0177215839233476
2019-10-09,0.0133017984419027
2019-10-10,-0.0022015247879972
2019-10-11,0.0029941128869107
2019-10-12,0.0
2019-10-13,0.0
2019-10-14,0.036546912603997
2019-10-15,0.0007372526050203
2019-10-16,0.0091689652051563
2019-10-17,-0.0020190285714285
2019-10-18,-0.0143843501032671
2019-10-19,0.0
2019-10-20,0.0
2019-10-21,-0.018696996090272
2019-10-22,0.0049544473480042
2019-10-23,0.000707249481051
2019-10-24,0.004390538593022
2019-10-25,0.1021429548257246
2019-10-26,0.0
2019-10-27,0.0
2019-10-28,0.0005189747579391
2019-10-29,-0.0117816492424505
2019-10-30,0.0064217414192249
2019-10-31,0.0058128713799564
2019-11-01,-0.0095156961305007
2019-11-02,0.0
2019-11-03,0.0
2019-11-04,0.0084815757382715
2019-11-05,-0.0075089168387459
2019-11-06,0.0269811958170187
2019-11-07,0.0194445971572311
2019-11-08,0.0078923614979861
2019-11-09,0.0
2019-11-10,0.0
2019-11-11,0.0033143915785086
2019-11-12,0.0087345492390263
2019-11-13,-0.0250422535211268
2019-11-14,0.0093612290890179
2019-11-15,0.0043634498164341
2019-11-16,0.0
2019-11-17,0.0
2019-11-18,-0.0083021506290377
2019-11-19,0.0220895670814375
2019-11-20,-0.021611111111111
2019-11-21,0.0009026966799243
2019-11-22,-0.0209312682540942
2019-11-23,0.0
2019-11-24,0.0
2019-11-25,-0.0231761159147337
2019-11-26,-0.018940018210099
2019-11-27,0.0005134694448155
2019-11-28,0.0
2019-11-29,-0.0035335840053153
2019-11-30,0.0
2019-12-01,0.0
2019-12-02,0.0166059813269269
2019-12-03,0.0107629724381284
2019-12-04,-0.0139748328360548
2019-12-05,-0.0073912355439341
2019-12-06,0.0026567313432835
2019-12-07,0.0
2019-12-08,0.0
2019-12-09,0.0087346176544963
2019-12-10,0.0261207359448496
2019-12-11,0.0023303683404907
2019-12-12,0.013411416468339
2019-12-13,-0.007367373042063
2019-12-14,0.0
2019-12-15,0.0
2019-12-16,0.0522686649491473
2019-12-17,0.0
2019-12-18,0.0328928097219454
2019-12-19,0.0169133450460588
2019-12-20,-0.0114553487954293
2019-12-21,0.0
2019-12-22,0.0
2019-12-23,0.0180678875345614
2019-12-24,0.0164691419998019
2019-12-25,0.0
2019-12-26,0.0070809632039335
2019-12-27,-0.0106207356321838
2019-12-28,0.0
2019-12-29,0.0
2019-12-30,-0.0328599186247375
2019-12-31,0.0329135802469135
2020-01-01,0.0
2020-01-02,0.0135689042739952
2020-01-03,0.0056980591531908
2020-01-04,0.0
2020-01-05,0.0
2020-01-06,0.0251322104767131
2020-01-07,0.0166016148309666
2020-01-08,0.0389276237899012
2020-01-09,-0.0317038831563847
2020-01-10,-0.0075552106196639
2020-01-11,0.0
2020-01-12,0.0
2020-01-13,0.0635461316174102
2020-01-14,-0.0116488170630438
2020-01-15,-0.0212549639104039
2020-01-16,0.0399797265822784
2020-01-17,0.0056932978361351
2020-01-18,0.0
2020-01-19,0.0
2020-01-20,0.0
2020-01-21,0.0319660434144448
2020-01-22,-0.0040741664319042
2020-01-23,0.0140895350303861
2020-01-24,-0.0101817465799356
2020-01-25,0.0
2020-01-26,0.0
2020-01-27,0.0295761260472666
2020-01-28,-0.0027968918151047
2020-01-29,0.0092063263214576
2020-01-30,0.0132665158180756
2020-01-31,0.016515609375
2020-02-01,0.0
2020-02-02,0.0
2020-02-03,0.1578024899833941
2020-02-04,0.0046435173916009
2020-02-05,-0.10757228429054
2020-02-06,0.0700652461737876
2020-02-07,0.0239819107249201
2020-02-08,0.0
2020-02-09,0.0
2020-02-10,-0.0359000187499999
2020-02-11,0.0072712381084883
2020-02-12,-0.0136013211204533
2020-02-13,0.0837917026256794
2020-02-14,0.0162724333731359
2020-02-15,0.0
2020-02-16,0.0
2020-02-17,0.0
2020-02-18,0.0199618931812425
2020-02-19,-0.0065836655102923
2020-02-20,-0.0137507265406585
2020-02-21,-0.0065933042976317
2020-02-22,0.0
2020-02-23,0.0
2020-02-24,-0.0062098151452357
2020-02-25,-0.0578210119348466
2020-02-26,-0.004728466453674
2020-02-27,-0.0698629931506849
2020-02-28,0.0608067721008928
2020-02-29,0.0
2020-03-01,0.0
2020-03-02,0.0454967244432184
2020-03-03,-0.0739005900621118
2020-03-04,-0.0189277767651813
2020-03-05,0.0010639222551905
2020-03-06,0.0195362246376811
2020-03-07,0.0
2020-03-08,0.0
2020-03-09,0.0043112290182057
2020-03-10,-0.021382163059276
2020-03-11,-0.0093251489009376
2020-03-12,-0.0350152349410797
2020-03-13,-0.0813109495798318
2020-03-14,0.0
2020-03-15,0.0
2020-03-16,-0.0520340989982088
2020-03-17,-0.0222949253686838
2020-03-18,-0.0714138789943234
2020-03-19,0.1412863319646028
2020-03-20,-0.0243496351477595
2020-03-21,0.0
2020-03-22,0.0
2020-03-23,0.0015913399262991
2020-03-24,0.0580347900485522
2020-03-25,-0.0110041720952543
2020-03-26,-0.035130282845785
2020-03-27,0.0185346732673266
2020-03-28,0.0
2020-03-29,0.0
2020-03-30,-0.0159330436261309
2020-03-31,0.0453865635910224
2020-04-01,-0.0445238776431386
2020-04-02,-0.0552148924680904
2020-04-03,-0.0578803030838017
2020-04-04,0.0
2020-04-05,0.0
2020-04-06,0.009859184465164
2020-04-07,0.0008256513761467
2020-04-08,-0.009671581005831
2020-04-09,0.0194096943497455
2020-04-10,0.0
2020-04-11,0.0
2020-04-12,0.0
2020-04-13,0.1030060001187135
2020-04-14,0.0156229230600916
2020-04-15,-0.0164015572669092
2020-04-16,0.0394315214662315
2020-04-17,-0.0238125689055486
2020-04-18,0.0
2020-04-19,0.0
2020-04-20,0.0186434429541702
2020-04-21,-0.0594423374316229
2020-04-22,0.0399584633100917
2020-04-23,-0.0301951407313046
2020-04-24,0.0201741389364076
2020-04-25,0.0
2020-04-26,0.0
2020-04-27,0.0828893097391037
2020-04-28,-0.0333316625610202
2020-04-29,0.0130858425355146
2020-04-30,-0.0857235673612964
2020-05-01,-0.0710992847682119
2020-05-02,0.0
2020-05-03,0.0
2020-05-04,0.085863125945716
2020-05-05,-0.0273236885201497
2020-05-06,0.007830025605344
2020-05-07,0.003641197336362
2020-05-08,0.0323141783175754
2020-05-09,0.0
2020-05-10,0.0
2020-05-11,0.0262867697345141
2020-05-12,-0.0212695896470225
2020-05-13,-0.0363899894009721
2020-05-14,0.0299102564102563
2020-05-15,0.0111595680513887
2020-05-16,0.0
2020-05-17,0.0
2020-05-18,-0.0170939259223465
2020-05-19,-0.0087833950363126
2020-05-20,-0.0060207554166695
2020-05-21,0.0142157294279852
2020-05-22,-0.0064341861257094
2020-05-23,0.0
2020-05-24,0.0
2020-05-25,0.0
2020-05-26,-0.0187297310507991
2020-05-27,-0.0007674390413853
2020-05-28,-0.0094651143677426
2020-05-29,0.0324574961360123
2020-05-30,0.0
2020-05-31,0.0
2020-06-01,0.046736530999888
2020-06-02,-0.0146865204572871
2020-06-03,-0.0058100146414342
2020-06-04,-0.0286554988161944
2020-06-05,0.008908292299041
2020-06-06,0.0
2020-06-07,0.0
2020-06-08,0.033645217078696
2020-06-09,0.0007021414703148
2020-06-10,0.0334414836770054
2020-06-11,-0.0175318123748873
2020-06-12,-0.0456326530612244
2020-06-13,0.0
2020-06-14,0.0
2020-06-15,0.079658713211403
2020-06-16,-0.0293719432072921
2020-06-17,0.004130741670555
2020-06-18,0.0009571335705742
2020-06-19,-0.0117301240150872
2020-06-20,0.0
2020-06-21,0.0
2020-06-22,-0.0056303163750607
2020-06-23,0.0029032616385187
2020-06-24,-0.0334571013230798
2020-06-25,0.0332295622155246
2020-06-26,-0.0352238495513736
2020-06-27,0.0
2020-06-28,0.0
2020-06-29,0.0416300807872975
2020-06-30,0.0728365761623957
2020-07-01,0.0338226629596676
2020-07-02,-0.0104955052375907
2020-07-03,0.0
2020-07-04,0.0
2020-07-05,0.0
2020-07-06,0.0743250641227517
2020-07-07,-0.0107829440681516
2020-07-08,-0.027843434163701
2020-07-09,-0.0019399637098344
2020-07-10,0.1064827353947248
2020-07-11,0.0
2020-07-12,0.0
2020-07-13,-0.0976130264356729
2020-07-14,0.0
